{
    "2024-12-02": [
        "14:00"
    ],
    "2024-12-26": [
        "17:00"
    ],
    "2024-12-13": [
        "17:00",
        "20:00"
    ],
    "2024-12-10": [
        "20:00",
        "14:00"
    ],
    "2024-12-04": [
        "17:00"
    ],
    "2024-12-19": [
        "17:00",
        "20:00"
    ],
    "2024-12-11": [
        "20:00"
    ],
    "2024-12-18": [
        "20:00"
    ],
    "2024-11-05": [
        "14:00",
        "10:00",
        "20:00"
    ],
    "2024-12-03": [
        "10:00"
    ]
}