{
    "Senin": [
        "11.00",
        "14.00",
        "17.00",
        "20.00"
    ],
    "Selasa": [
        "11.00",
        "14.00",
        "17.00",
        "20.00"
    ],
    "Rabu": [
        "11.00",
        "14.00",
        "17.00",
        "20.00"
    ],
    "Kamis": [
        "11.00",
        "14.00",
        "17.00",
        "20.00"
    ],
    "Jumat": [
        "11.00",
        "14.00",
        "17.00",
        "20.00"
    ],
    "Sabtu": [
        "11.00",
        "14.00",
        "17.00",
        "20.00"
    ],
    "Minggu": [
        "11.00",
        "14.00",
        "17.00",
        "20.00"
    ]
}